{"name":"87f74b3f-8334-4267-82f2-c9e807e0f5ea","id":"/providers/Microsoft.Flow/flows/87f74b3f-8334-4267-82f2-c9e807e0f5ea","type":"Microsoft.Flow/flows","properties":{"apiId":"/providers/Microsoft.PowerApps/apis/shared_logicflows","displayName":"Office Capacity","definition":{"metadata":{"workflowEntityId":null,"flowclientsuspensionreason":"None","flowclientsuspensiontime":null,"creator":{"id":"715305f0-418e-4b1a-9e3b-ccb2b683531e","type":"User","tenantId":"a5a8bcaa-3292-41e6-b735-5e8b21f4dbfd"},"provisioningMethod":"FromDefinition","failureAlertSubscription":true,"clientLastModifiedTime":"2021-02-15T09:27:31.8177025Z"},"$schema":"https://schema.management.azure.com/providers/Microsoft.Logic/schemas/2016-06-01/workflowdefinition.json#","contentVersion":"1.0.0.0","parameters":{"$connections":{"defaultValue":{},"type":"Object"},"$authentication":{"defaultValue":{},"type":"SecureObject"}},"triggers":{"Recurrence":{"recurrence":{"frequency":"Month","interval":1,"startTime":"2021-02-14T10:00:00.000Z"},"type":"Recurrence"}},"actions":{"Initialize_variable_Total_Capacity":{"runAfter":{"Initialize_variable":["Succeeded"]},"type":"InitializeVariable","inputs":{"variables":[{"name":"Total Capacity","type":"integer","value":0}]}},"List_rows_present_in_a_table":{"runAfter":{"Initialize_variable_Total_Capacity":["Succeeded"]},"metadata":{"01HFN3S2WJV36XKP2X75FKD2OMMHPJYCSX":"/Book.xlsx","tableId":"{329F1E6C-5F69-4045-A1B4-0A6019CE5DA2}"},"type":"OpenApiConnection","inputs":{"host":{"apiId":"/providers/Microsoft.PowerApps/apis/shared_excelonlinebusiness","connectionName":"shared_excelonlinebusiness","operationId":"GetItems"},"parameters":{"source":"me","drive":"b!px1PkCNj5U6J0fD13QxERo69aYqBF3pCpoxx8msToDNoOxTCcCJ5SbLz3RvJWNdV","file":"01HFN3S2WJV36XKP2X75FKD2OMMHPJYCSX","table":"{329F1E6C-5F69-4045-A1B4-0A6019CE5DA2}"},"authentication":"@parameters('$authentication')"}},"Apply_to_each":{"foreach":"@outputs('List_rows_present_in_a_table')?['body/value']","actions":{"Increment_variable":{"runAfter":{},"type":"IncrementVariable","inputs":{"name":"Total Capacity","value":"@int(items('Apply_to_each')['Capacity'])"}},"Condition":{"actions":{"Set_variable":{"runAfter":{},"type":"SetVariable","inputs":{"name":"Max Office","value":{"Bigger Office":"@{ items('Apply_to_each')['City']}","Max Capacity":"@int(items('Apply_to_each')['Capacity'])"}}}},"runAfter":{"Increment_variable":["Succeeded"]},"expression":{"greater":["@int(items('Apply_to_each')['Capacity'])","@int(variables('Max Office')['Max Capacity'])"]},"type":"If"}},"runAfter":{"List_rows_present_in_a_table":["Succeeded"]},"type":"Foreach"},"Send_an_email_(V2)":{"runAfter":{"Create_HTML_table":["Succeeded"]},"type":"OpenApiConnection","inputs":{"host":{"apiId":"/providers/Microsoft.PowerApps/apis/shared_office365","connectionName":"shared_office365","operationId":"SendEmailV2"},"parameters":{"emailMessage/To":"Dattatray.Patil@gilead.com","emailMessage/Subject":"Office","emailMessage/Body":"<p>The biggest office is:<br>\n@{variables('Max Office')['Bigger Office']}<br>\n<br>\nI@{variables('Max Office')['Max Capacity']}ts capaciti is :<br>\nTotal Capacity :@{variables('Total Capacity')}<br>\n<br>\n@{body('Create_HTML_table')}</p>"},"authentication":"@parameters('$authentication')"}},"Select":{"runAfter":{"Apply_to_each":["Succeeded"]},"type":"Select","inputs":{"from":"@outputs('List_rows_present_in_a_table')?['body/value']","select":{"City":"@item()?['City']","Capacity":"@item()?['Capacity']","Size":"@if (greater(int(item()['Capacity']), 100),'Big','Small')"}}},"Create_HTML_table":{"runAfter":{"Select":["Succeeded"]},"type":"Table","inputs":{"from":"@body('Select')","format":"HTML"}},"Initialize_variable":{"runAfter":{},"type":"InitializeVariable","inputs":{"variables":[{"name":"Max Office","type":"object","value":{"Bigger Office":"","Max Capacity":0}}]}}}},"connectionReferences":{"shared_excelonlinebusiness":{"connectionName":"shared-excelonlinebu-8a6a389d-eb8c-4c8a-ba5d-288a-3858071c","source":"Embedded","id":"/providers/Microsoft.PowerApps/apis/shared_excelonlinebusiness","tier":"NotSpecified"},"shared_office365":{"connectionName":"shared-office365-2ad7aa27-0641-4eb3-9d6a-a9ba-f40a0973","source":"Embedded","id":"/providers/Microsoft.PowerApps/apis/shared_office365","tier":"NotSpecified"}},"flowFailureAlertSubscribed":false}}