{"name":"d242a649-86fc-4004-9293-89b6909b786a","id":"/providers/Microsoft.Flow/flows/d242a649-86fc-4004-9293-89b6909b786a","type":"Microsoft.Flow/flows","properties":{"apiId":"/providers/Microsoft.PowerApps/apis/shared_logicflows","displayName":"CreateTeamFromPowerApps","definition":{"metadata":{"workflowEntityId":null,"flowclientsuspensionreason":"None","flowclientsuspensiontime":null,"creator":{"id":"715305f0-418e-4b1a-9e3b-ccb2b683531e","type":"User","tenantId":"a5a8bcaa-3292-41e6-b735-5e8b21f4dbfd"},"provisioningMethod":"FromDefinition","failureAlertSubscription":true,"clientLastModifiedTime":"2021-02-15T14:37:12.0235625Z"},"$schema":"https://schema.management.azure.com/providers/Microsoft.Logic/schemas/2016-06-01/workflowdefinition.json#","contentVersion":"1.0.0.0","parameters":{"$authentication":{"defaultValue":{},"type":"SecureObject"}},"triggers":{"manual":{"type":"Request","kind":"PowerApp","inputs":{"schema":{"type":"object","properties":{"Compose_Inputs":{"type":"any","description":"Inputs","x-ms-powerflows-param-ispartial":false},"Compose2_Inputs":{"type":"any","description":"Inputs","x-ms-powerflows-param-ispartial":false},"Composem_Inputs":{"type":"any"},"Compose2_Inputs_1":{"type":"any"}},"required":["Compose_Inputs","Compose2_Inputs","Composem_Inputs","Compose2_Inputs_1"]}}}},"actions":{"Respond_to_a_PowerApp_or_flow":{"runAfter":{"Response":["Succeeded"]},"type":"Response","kind":"PowerApp","inputs":{"statusCode":200,"body":{"response":"@{outputs('Response')}"},"schema":{"type":"object","properties":{"response":{"title":"response","x-ms-dynamically-added":true,"type":"string"}}}}},"Response":{"runAfter":{"Team_Owner":["Succeeded"]},"type":"Compose","inputs":"Team Create and owner is @{outputs('Team_Owner')}"},"Team_Name":{"runAfter":{},"type":"Compose","inputs":"@triggerBody()['Composem_Inputs']"},"Team_Owner":{"runAfter":{"Team_Name":["Succeeded"]},"type":"Compose","inputs":"@triggerBody()['Compose2_Inputs_1']"}}},"connectionReferences":{},"flowFailureAlertSubscribed":false}}