{"name":"cd9ead6e-1150-4e61-a4ac-9551e37c7885","id":"/providers/Microsoft.Flow/flows/cd9ead6e-1150-4e61-a4ac-9551e37c7885","type":"Microsoft.Flow/flows","properties":{"apiId":"/providers/Microsoft.PowerApps/apis/shared_logicflows","displayName":"Track time","definition":{"metadata":{"workflowEntityId":null,"flowclientsuspensionreason":"None","flowclientsuspensiontime":null,"creator":{"id":"715305f0-418e-4b1a-9e3b-ccb2b683531e","type":"User","tenantId":"a5a8bcaa-3292-41e6-b735-5e8b21f4dbfd"},"provisioningMethod":"FromDefinition","failureAlertSubscription":true,"clientLastModifiedTime":"2021-02-04T18:37:36.2125734Z"},"$schema":"https://schema.management.azure.com/providers/Microsoft.Logic/schemas/2016-06-01/workflowdefinition.json#","contentVersion":"1.0.0.0","parameters":{"$connections":{"defaultValue":{},"type":"Object"},"$authentication":{"defaultValue":{},"type":"SecureObject"}},"triggers":{"manual":{"type":"Request","kind":"Button","inputs":{"schema":{"type":"object","properties":{"location":{"type":"object","properties":{"fullAddress":{"title":"Full address","type":"string","x-ms-dynamically-added":false}}},"text":{"title":"comment","type":"string","x-ms-dynamically-added":true,"description":"Please enter your input","x-ms-content-hint":"TEXT"}},"required":["location","text"]},"headersSchema":{"x-ms-user-name-encoded":{"title":"User name","type":"string","format":"byte","x-ms-dynamically-added":false},"x-ms-user-timestamp":{"title":"Timestamp","type":"string","x-ms-dynamically-added":false}}}}},"actions":{"Add_a_row_into_a_table":{"runAfter":{"Convert_time_zone":["Succeeded"]},"metadata":{"01HFN3S2V2X4VYCL5YBNHIVYUQXKSPLHAR":"/Timesheet.xslx.xlsx","tableId":"{A919B959-CD65-4DC0-AA10-C7EC9A89CF54}"},"type":"OpenApiConnection","inputs":{"host":{"apiId":"/providers/Microsoft.PowerApps/apis/shared_excelonlinebusiness","connectionName":"shared_excelonlinebusiness","operationId":"AddRowV2"},"parameters":{"source":"me","drive":"b!px1PkCNj5U6J0fD13QxERo69aYqBF3pCpoxx8msToDNoOxTCcCJ5SbLz3RvJWNdV","file":"01HFN3S2V2X4VYCL5YBNHIVYUQXKSPLHAR","table":"{A919B959-CD65-4DC0-AA10-C7EC9A89CF54}","item/Where":"@triggerBody()['location']['fullAddress']","item/Who":"@triggerOutputs()['headers']['x-ms-user-name-encoded']","item/When":"@body('Convert_time_zone')","item/Comment":"@triggerBody()['text']"},"authentication":{"value":"@json(decodeBase64(triggerOutputs().headers['X-MS-APIM-Tokens']))['$ConnectionKey']","type":"Raw"}}},"Convert_time_zone":{"runAfter":{},"type":"Expression","kind":"ConvertTimeZone","inputs":{"baseTime":"@triggerOutputs()['headers']['x-ms-user-timestamp']","formatString":"D","sourceTimeZone":"GMT Standard Time","destinationTimeZone":"GMT Standard Time"}}}},"connectionReferences":{"shared_excelonlinebusiness":{"connectionName":"shared-excelonlinebu-8a6a389d-eb8c-4c8a-ba5d-288a-3858071c","source":"Invoker","id":"/providers/Microsoft.PowerApps/apis/shared_excelonlinebusiness","tier":"NotSpecified"}},"flowFailureAlertSubscribed":false}}