{"name":"66c91a15-3d2d-47bb-98f1-0f8cbd7c5978","id":"/providers/Microsoft.Flow/flows/66c91a15-3d2d-47bb-98f1-0f8cbd7c5978","type":"Microsoft.Flow/flows","properties":{"apiId":"/providers/Microsoft.PowerApps/apis/shared_logicflows","displayName":"my Overdue Tasks","definition":{"metadata":{"workflowEntityId":null,"flowclientsuspensionreason":"None","flowclientsuspensiontime":null,"creator":{"id":"715305f0-418e-4b1a-9e3b-ccb2b683531e","type":"User","tenantId":"a5a8bcaa-3292-41e6-b735-5e8b21f4dbfd"},"provisioningMethod":"FromDefinition","failureAlertSubscription":true,"clientLastModifiedTime":"2021-02-15T10:30:42.7817355Z"},"$schema":"https://schema.management.azure.com/providers/Microsoft.Logic/schemas/2016-06-01/workflowdefinition.json#","contentVersion":"1.0.0.0","parameters":{"$connections":{"defaultValue":{},"type":"Object"},"$authentication":{"defaultValue":{},"type":"SecureObject"}},"triggers":{"manual":{"type":"Request","kind":"Button","inputs":{"schema":{"type":"object","properties":{},"required":[]}}}},"actions":{"List_rows_present_in_a_table":{"runAfter":{},"metadata":{"01HFN3S2TII4IKMBPEHRCZ3Y6PVHAM74LP":"/Tasks.xlsx"},"type":"OpenApiConnection","inputs":{"host":{"apiId":"/providers/Microsoft.PowerApps/apis/shared_excelonlinebusiness","connectionName":"shared_excelonlinebusiness","operationId":"GetItems"},"parameters":{"source":"me","drive":"b!px1PkCNj5U6J0fD13QxERo69aYqBF3pCpoxx8msToDNoOxTCcCJ5SbLz3RvJWNdV","file":"01HFN3S2TII4IKMBPEHRCZ3Y6PVHAM74LP","table":"{9076D269-2FFD-43F2-9FCB-EA09DAF6FCC0}","$filter":"Status ne 'Done'"},"authentication":{"value":"@json(decodeBase64(triggerOutputs().headers['X-MS-APIM-Tokens']))['$ConnectionKey']","type":"Raw"}}},"Apply_to_each":{"foreach":"@outputs('List_rows_present_in_a_table')?['body/value']","actions":{"Condition":{"actions":{"Send_an_email_(V2)":{"runAfter":{},"type":"OpenApiConnection","inputs":{"host":{"apiId":"/providers/Microsoft.PowerApps/apis/shared_office365","connectionName":"shared_office365","operationId":"SendEmailV2"},"parameters":{"emailMessage/To":"@items('Apply_to_each')?['in charge']","emailMessage/Subject":"Your task is overdue","emailMessage/Body":"<p>The task @{items('Apply_to_each')?['Task']}<br>\n<br>\n@{items('Apply_to_each')?['Deadline']}</p>"},"authentication":{"value":"@json(decodeBase64(triggerOutputs().headers['X-MS-APIM-Tokens']))['$ConnectionKey']","type":"Raw"}}}},"runAfter":{},"expression":{"and":[{"not":{"equals":["@items('Apply_to_each')?['Status']","Done"]}},{"less":["@ticks(items('Apply_to_each')['deadline'])","@ticks(utcNow())"]}]},"type":"If"}},"runAfter":{"List_rows_present_in_a_table":["Succeeded"]},"type":"Foreach"}}},"connectionReferences":{"shared_excelonlinebusiness":{"connectionName":"shared-excelonlinebu-8a6a389d-eb8c-4c8a-ba5d-288a-3858071c","source":"Invoker","id":"/providers/Microsoft.PowerApps/apis/shared_excelonlinebusiness","tier":"NotSpecified"},"shared_office365":{"connectionName":"shared-office365-2ad7aa27-0641-4eb3-9d6a-a9ba-f40a0973","source":"Invoker","id":"/providers/Microsoft.PowerApps/apis/shared_office365","tier":"NotSpecified"}},"flowFailureAlertSubscribed":false}}