{"name":"ed740dbf-63fd-4327-be61-3f124d89cc3b","id":"/providers/Microsoft.Flow/flows/ed740dbf-63fd-4327-be61-3f124d89cc3b","type":"Microsoft.Flow/flows","properties":{"apiId":"/providers/Microsoft.PowerApps/apis/shared_logicflows","displayName":"Lab 13 SharePoint API","definition":{"metadata":{"workflowEntityId":null,"flowclientsuspensionreason":"None","flowclientsuspensiontime":null,"creator":{"id":"715305f0-418e-4b1a-9e3b-ccb2b683531e","type":"User","tenantId":"a5a8bcaa-3292-41e6-b735-5e8b21f4dbfd"},"provisioningMethod":"FromDefinition","failureAlertSubscription":true,"clientLastModifiedTime":"2021-02-15T18:17:10.0583723Z"},"$schema":"https://schema.management.azure.com/providers/Microsoft.Logic/schemas/2016-06-01/workflowdefinition.json#","contentVersion":"1.0.0.0","parameters":{"$connections":{"defaultValue":{},"type":"Object"},"$authentication":{"defaultValue":{},"type":"SecureObject"}},"triggers":{"manual":{"type":"Request","kind":"Button","inputs":{"schema":{"type":"object","properties":{},"required":[]}}}},"actions":{"Send_an_HTTP_request_to_SharePoint":{"runAfter":{},"type":"OpenApiConnection","inputs":{"host":{"apiId":"/providers/Microsoft.PowerApps/apis/shared_sharepointonline","connectionName":"shared_sharepointonline","operationId":"HttpRequest"},"parameters":{"dataset":"https://gileadconnect.sharepoint.com/teams/CambridgeInclusionTeam","parameters/method":"POST","parameters/uri":"_api/web/lists/GetByTitle('Cambridge%20Event')/fields","parameters/body":"{'Title': 'Price', 'FieldTypeKind': 10,'Required': 'false', 'EnforceUniqueValues': 'false','StaticName': 'Price'}"},"authentication":{"value":"@json(decodeBase64(triggerOutputs().headers['X-MS-APIM-Tokens']))['$ConnectionKey']","type":"Raw"}}}}},"connectionReferences":{"shared_sharepointonline":{"connectionName":"shared-sharepointonl-13e44720-f0fc-4cc7-9935-e52b-1b2bea62","source":"Invoker","id":"/providers/Microsoft.PowerApps/apis/shared_sharepointonline","tier":"NotSpecified"}},"flowFailureAlertSubscribed":false}}