{"name":"957e4cf7-5f55-415f-84ee-c142c1ad455f","id":"/providers/Microsoft.Flow/flows/957e4cf7-5f55-415f-84ee-c142c1ad455f","type":"Microsoft.Flow/flows","properties":{"apiId":"/providers/Microsoft.PowerApps/apis/shared_logicflows","displayName":"Expense Approval","definition":{"metadata":{"workflowEntityId":null,"flowclientsuspensionreason":"None","flowclientsuspensiontime":null,"creator":{"id":"715305f0-418e-4b1a-9e3b-ccb2b683531e","type":"User","tenantId":"a5a8bcaa-3292-41e6-b735-5e8b21f4dbfd"},"provisioningMethod":"FromDefinition","failureAlertSubscription":true,"clientLastModifiedTime":"2021-02-12T17:57:54.0954708Z"},"$schema":"https://schema.management.azure.com/providers/Microsoft.Logic/schemas/2016-06-01/workflowdefinition.json#","contentVersion":"1.0.0.0","parameters":{"$connections":{"defaultValue":{},"type":"Object"},"$authentication":{"defaultValue":{},"type":"SecureObject"}},"triggers":{"When_an_item_is_created":{"recurrence":{"frequency":"Minute","interval":5},"splitOn":"@triggerOutputs()?['body/value']","type":"OpenApiConnection","inputs":{"host":{"apiId":"/providers/Microsoft.PowerApps/apis/shared_sharepointonline","connectionName":"shared_sharepointonline","operationId":"GetOnNewItems"},"parameters":{"dataset":"https://gileadconnect.sharepoint.com/teams/CambridgeInclusionTeam","table":"6cd2dd8e-a907-4a57-a500-15babd5f5000"},"authentication":"@parameters('$authentication')"}}},"actions":{"Start_and_wait_for_an_approval":{"runAfter":{},"type":"OpenApiConnectionWebhook","inputs":{"host":{"apiId":"/providers/Microsoft.PowerApps/apis/shared_approvals","connectionName":"shared_approvals","operationId":"StartAndWaitForAnApproval"},"parameters":{"approvalType":"Basic","WebhookApprovalCreationInput/title":"Please approve the following expenses","WebhookApprovalCreationInput/assignedTo":"Dattatray.Patil@gilead.com;","WebhookApprovalCreationInput/details":"@triggerOutputs()?['body/Amount']","WebhookApprovalCreationInput/itemLink":"@triggerOutputs()?['body/{Link}']","WebhookApprovalCreationInput/enableNotifications":true,"WebhookApprovalCreationInput/enableReassignment":true},"authentication":"@parameters('$authentication')"}},"Send_an_email_(V2)":{"runAfter":{"Update_item":["Succeeded"]},"type":"OpenApiConnection","inputs":{"host":{"apiId":"/providers/Microsoft.PowerApps/apis/shared_office365","connectionName":"shared_office365","operationId":"SendEmailV2"},"parameters":{"emailMessage/To":"@triggerOutputs()?['body/Author/Email']","emailMessage/Subject":"Expe","emailMessage/Body":"<p>@{variables('ApprovalStatus')}</p>"},"authentication":"@parameters('$authentication')"}},"Initialize_variable":{"runAfter":{"Start_and_wait_for_an_approval":["Succeeded"]},"type":"InitializeVariable","inputs":{"variables":[{"name":"ApprovalStatus","type":"string","value":"@outputs('Start_and_wait_for_an_approval')?['body/outcome']"}]}},"Update_item":{"runAfter":{"Initialize_variable":["Succeeded"]},"type":"OpenApiConnection","inputs":{"host":{"apiId":"/providers/Microsoft.PowerApps/apis/shared_sharepointonline","connectionName":"shared_sharepointonline","operationId":"PatchItem"},"parameters":{"dataset":"https://gileadconnect.sharepoint.com/teams/CambridgeInclusionTeam","table":"6cd2dd8e-a907-4a57-a500-15babd5f5000","id":"@triggerOutputs()?['body/ID']","item/Title":"@triggerOutputs()?['body/Title']","item/Status":"@variables('ApprovalStatus')"},"authentication":"@parameters('$authentication')"}}}},"connectionReferences":{"shared_approvals":{"connectionName":"shared-approvals-84baaab2-3a22-4fbd-a8e1-e8fb-c483b8a4","source":"Embedded","id":"/providers/Microsoft.PowerApps/apis/shared_approvals","tier":"NotSpecified"},"shared_sharepointonline":{"connectionName":"shared-sharepointonl-13e44720-f0fc-4cc7-9935-e52b-1b2bea62","source":"Embedded","id":"/providers/Microsoft.PowerApps/apis/shared_sharepointonline","tier":"NotSpecified"},"shared_office365":{"connectionName":"shared-office365-2ad7aa27-0641-4eb3-9d6a-a9ba-f40a0973","source":"Embedded","id":"/providers/Microsoft.PowerApps/apis/shared_office365","tier":"NotSpecified"}},"flowFailureAlertSubscribed":false}}