{"name":"a0faab94-84af-4c74-bc46-0e7250443ca4","id":"/providers/Microsoft.Flow/flows/a0faab94-84af-4c74-bc46-0e7250443ca4","type":"Microsoft.Flow/flows","properties":{"apiId":"/providers/Microsoft.PowerApps/apis/shared_logicflows","displayName":"Send me a push notification for important emails!","definition":{"metadata":{"workflowEntityId":null,"flowclientsuspensionreason":"None","flowclientsuspensiontime":null,"creator":{"id":"715305f0-418e-4b1a-9e3b-ccb2b683531e","type":"User","tenantId":"a5a8bcaa-3292-41e6-b735-5e8b21f4dbfd"},"provisioningMethod":"FromDefinition","failureAlertSubscription":true,"clientLastModifiedTime":"2021-02-14T18:13:02.129847Z"},"$schema":"https://schema.management.azure.com/providers/Microsoft.Logic/schemas/2016-06-01/workflowdefinition.json#","contentVersion":"1.0.0.0","parameters":{"$connections":{"defaultValue":{},"type":"Object"},"$authentication":{"defaultValue":{},"type":"SecureObject"}},"triggers":{"When_a_new_email_arrives":{"recurrence":{"frequency":"Minute","interval":5},"splitOn":"@triggerBody()?.value","metadata":{"flowSystemMetadata":{"swaggerOperationId":"OnNewEmailV2"},"Id::AAMkAGQ1MjhhNTk2LTQ4YzMtNDI4ZS04ODUxLWMwMTgzNThiZTY1MwAuAAAAAABSErtW7EgJQbUPIx5v_h_qAQAPfhWcBSwcSrjrVYyFLjUHAArXwfVjAAA=":"Inbox"},"type":"ApiConnection","inputs":{"host":{"api":{"runtimeUrl":"https://flow-apim-msmanaged-na-eastus2-01.azure-apim.net/apim/office365"},"connection":{"name":"@parameters('$connections')['shared_office365']['connectionId']"}},"method":"get","path":"/v2/Mail/OnNewEmail","queries":{"folderPath":"Id::AAMkAGQ1MjhhNTk2LTQ4YzMtNDI4ZS04ODUxLWMwMTgzNThiZTY1MwAuAAAAAABSErtW7EgJQbUPIx5v_h_qAQAPfhWcBSwcSrjrVYyFLjUHAArXwfVjAAA=","importance":"High","fetchOnlyWithAttachment":false,"includeAttachments":false},"authentication":"@parameters('$authentication')"},"conditions":[{"expression":"@contains(triggerOutputs()?['body/subject'],'!')"}]}},"actions":{"Condition":{"actions":{"Send_me_a_mobile_notification":{"runAfter":{},"metadata":{"flowSystemMetadata":{"swaggerOperationId":"SendNotification"}},"type":"ApiConnection","inputs":{"host":{"api":{"runtimeUrl":"https://flow-apim-msmanaged-na-northcentralus-01.azure-apim.net/apim/flowpush"},"connection":{"name":"@parameters('$connections')['shared_flowpush']['connectionId']"}},"method":"post","body":{"notificationText":"New email from @{triggerBody()?['From']}.\nSubject: @{triggerBody()?['Subject']}","notificationLink":{"uri":"https://outlook.office365.com/","label":"Go to Outlook Office 365"}},"path":"/sendNotification","authentication":"@parameters('$authentication')"}}},"runAfter":{},"expression":"@contains(triggerBody()?['Subject'], '!')","type":"If"}},"outputs":{},"description":"Send me a push notification when I receive a new email which appears to be important. Emails are deemed to be important if they contain an exclamation (!) in the subject line."},"connectionReferences":{"shared_flowpush":{"connectionName":"shared-flowpush-df9bb4c7-cc40-4a7d-91bf-bc52-39cc9e33","source":"Embedded","id":"/providers/Microsoft.PowerApps/apis/shared_flowpush","tier":"NotSpecified"},"shared_office365":{"connectionName":"shared-office365-2ad7aa27-0641-4eb3-9d6a-a9ba-f40a0973","source":"Embedded","id":"/providers/Microsoft.PowerApps/apis/shared_office365","tier":"NotSpecified"}},"flowFailureAlertSubscribed":false}}